Description,MAC Address
DTC-901.Dutro.local,F8-CE-72-01-4A-E8
DTC-813.Dutro.local,F8-BC-12-8D-FC-7E
DTC-812.Dutro.local,F8-BC-12-78-F8-E6
INP-BARCODE-401.Dutro.local,F8-B1-56-CD-EC-E1
Johan-s-Pretzel-Machine.Dutro.local,F6-73-71-70-77-B1
Saruman.Dutro.local,F2-4A-32-91-2D-0C
SC02C86B.Dutro.local,F0-9F-FC-02-C8-6B
DTC-888.Dutro.local,F0-1D-BC-A6-0E-CB
HP7DA95F.Dutro.local,EC-B1-D7-CC-BD-34
IT-888.Dutro.local,E0-D5-5E-E4-03-7F
DTC-816.Dutro.local,E0-4F-43-5D-9B-22
Galaxy-Note9.Dutro.local,DE-9B-D4-C0-E6-36
Sauron1,D0-50-99-C2-B1-AA
switch8e7576.Dutro.local,C8-00-84-8E-75-76
cisco_52a,C8-00-84-8B-B0-18
DTC-887.Dutro.local,B0-83-FE-7F-16-B1
DTC-803.Dutro.local,B0-83-FE-7B-88-D3
BARCODE-805.Dutro.local,B0-83-FE-7B-01-B8
Welder1.Dutro.local,B0-83-FE-7B-00-F8
DTC-805.Dutro.local,B0-83-FE-7B-00-0D
DTC-809.Dutro.local,B0-83-FE-7A-FB-7F
DTC-807.Dutro.local,B0-83-FE-7A-A1-8D
DTC-808.Dutro.local,B0-83-FE-79-D4-27
DTC-811.Dutro.local,B0-83-FE-70-A9-6A
switch7e5b4d.Dutro.local,B0-7D-47-7E-5B-4D
DTC-804.Dutro.local,A0-B3-CC-FF-0D-AA
DTC-BARCODE-801.Dutro.local,A0-B3-CC-F8-26-40
NPI615EA4.Dutro.local,A0-8C-FD-61-5E-A4
Wades-Laptop.Dutro.local,9C-EB-E8-B7-A2-63
eng_sharp,9C-C7-D1-C3-9D-9D
DTC-810.Dutro.local,94-C6-91-96-D7-41
BARCODE-804.Dutro.local,78-45-C4-3A-75-1C
BARCODE-802.Dutro.local,78-45-C4-38-91-4F
BARCODE-808.Dutro.local,78-45-C4-38-0D-9E
BARCODE-806.Dutro.local,78-45-C4-38-0C-B9
BARCODE-800.Dutro.local,78-45-C4-38-03-B7
BARCODE-803.Dutro.local,78-45-C4-35-0F-B6
BARCODE-809.Dutro.local,78-2B-CB-AE-F6-ED
DTC-826.Dutro.local,78-2B-CB-A9-F0-30
central hp,70-5A-0F-F5-23-81
R6700v3.Dutro.local,6C-CD-D6-0D-C1-59
R6700v3.Dutro.local,6C-CD-D6-0D-C1-46
IT WIFI NETGEAR,6C-B0-CE-25-EC-B6
Admin-IT-01.Dutro.local,6C-0B-84-09-79-20
DTC-ENG-03.Dutro.local,64-00-6A-53-D9-DB
Archer_A6.Dutro.local,60-32-B1-30-B5-82
DutroDatto2.Dutro.local,54-B2-03-70-25-2A
Dutro-Datto.Dutro.local,54-B2-03-70-0F-2C
idrac-3SSDCS2.Dutro.local,50-9A-4C-A1-CF-4F
iDRAC4Sn.Dutro.local,50-9A-4C-A1-C8-F7
Sensi-0C7D89.Dutro.local,34-6F-92-0C-7D-89
DTC-827.Dutro.local,30-9C-23-D6-79-32
HP0447C1.Dutro.local,30-24-A9-04-47-C1
SC197E9C.Dutro.local,28-84-FA-19-7E-9C
DTC-827.Dutro.local,24-BE-05-09-96-92
IT-801.Dutro.local,24-BE-05-09-96-78
DTC-817.Dutro.local,24-BE-05-09-96-44
DTC-815.Dutro.local,24-BE-05-09-94-7B
sonicwall,18-B1-69-C7-33-E0
DTC-ENG-04.Dutro.local,18-66-DA-05-C2-AA
dell_48,00-30-AB-1D-2B-7A
DTC-ENG-01.Dutro.local,00-25-22-9F-9B-59
N881A6.Dutro.local,00-1F-54-42-42-DF
N881A6.Dutro.local,00-1F-54-41-E8-B9
E581CBB.Dutro.local,00-1F-54-41-C8-96
E581CBB.Dutro.local,00-1F-54-40-F9-6C
E581CBB.Dutro.local,00-1F-54-40-F9-55
E581CBB.Dutro.local,00-1F-54-40-F9-54
E581CBB.Dutro.local,00-1F-54-40-F9-50
E581CBB.Dutro.local,00-1F-54-40-F9-47
E581CBB.Dutro.local,00-1F-54-40-F9-27
E581CBB.Dutro.local,00-1F-54-40-F8-D3
E581CBB.Dutro.local,00-1F-54-40-F8-A4
E581CBB.Dutro.local,00-1F-54-40-F8-9F
E581CBB.Dutro.local,00-1F-54-40-F8-9D
E581CBB.Dutro.local,00-1F-54-40-F8-99
E581CBB.Dutro.local,00-1F-54-40-F8-95
E581CBB.Dutro.local,00-1F-54-40-F8-51
E581CBB.Dutro.local,00-1F-54-40-F8-38
E581CBB.Dutro.local,00-1F-54-40-F8-2C
E581CBB.Dutro.local,00-1F-54-3D-04-67
E581CBB.Dutro.local,00-1F-54-3D-03-97
E581CBB.Dutro.local,00-1F-54-3D-02-10
E581CBB.Dutro.local,00-1F-54-3C-A6-42
E581CBB.Dutro.local,00-1F-54-3C-A6-33
E581CBB.Dutro.local,00-1F-54-3C-A6-1E
E581CBB.Dutro.local,00-1F-54-3C-A6-18
E581CBB.Dutro.local,00-1F-54-3C-A0-65
shipping_brother,00-1B-A9-C1-6B-BF
p800104964BBA5.Dutro.local,00-10-49-64-BB-A5
p800104941A6A2.Dutro.local,00-10-49-41-A6-A2
p800104941A600.Dutro.local,00-10-49-41-A6-00
p800104941A587.Dutro.local,00-10-49-41-A5-87
p800104941A586.Dutro.local,00-10-49-41-A5-86
p800104941A584.Dutro.local,00-10-49-41-A5-84
p800104941A582.Dutro.local,00-10-49-41-A5-82
p800104941A580.Dutro.local,00-10-49-41-A5-80
p800104941A571.Dutro.local,00-10-49-41-A5-71
p800104941A567.Dutro.local,00-10-49-41-A5-67
p800104941A558.Dutro.local,00-10-49-41-A5-58
p800104941A545.Dutro.local,00-10-49-41-A5-45
p800104941A431.Dutro.local,00-10-49-41-A4-31
p800104941A410.Dutro.local,00-10-49-41-A4-10
p800104941A3FC.Dutro.local,00-10-49-41-A3-FC
p800104941A3FB.Dutro.local,00-10-49-41-A3-FB
p800104941A36F.Dutro.local,00-10-49-41-A3-6F
p8001049419C73.Dutro.local,00-10-49-41-9C-73
p80010493E8286.Dutro.local,00-10-49-3E-82-86
Plasma,00-07-B8-DD-5D-80
